RatingID,UserID,ContentID,Rating,Timestamp
1,938332,1703,4,8/31/2024 16:20
2,67609,3667,4,9/9/2024 11:59
3,409680,4838,2,1/9/2024 4:17
4,399412,2312,4,3/11/2024 21:21
5,293275,1559,3,1/5/2024 18:10
6,131920,1229,5,5/1/2024 7:30
7,562320,628,5,2/29/2024 11:04
8,11002,1304,2,5/12/2024 8:59
9,329933,1305,5,5/6/2024 18:09
10,871699,2118,1,8/19/2024 8:52
11,408481,3110,3,4/24/2024 14:35
12,901912,4076,4,6/18/2024 3:38
13,882517,1092,4,1/1/2024 5:39
14,130688,4460,1,9/3/2024 18:17
15,29995,3885,1,7/15/2024 19:57
16,555608,1609,1,7/21/2024 19:54
17,812429,2910,1,8/10/2024 8:21
18,593820,4493,1,1/1/2024 8:18
19,32430,4913,5,3/26/2024 8:39
20,844836,735,4,1/5/2024 10:26
21,771303,4064,3,2/14/2024 21:59
22,281593,4450,4,2/1/2024 21:49
23,503377,1574,5,9/6/2024 14:47
24,292116,821,2,9/9/2024 16:15
25,378861,4368,1,7/17/2024 21:13
26,410884,1146,1,6/4/2024 2:50
27,784390,3916,2,2/23/2024 10:04
28,482376,834,5,11/4/2024 22:21
29,211955,4699,5,10/11/2024 11:08
30,644509,3100,2,6/29/2024 20:09
31,384543,1830,1,8/13/2024 5:40
32,968121,3720,3,1/17/2024 19:32
33,918181,2158,2,10/30/2024 22:34
34,490370,402,5,1/29/2024 1:19
35,245589,2520,1,10/2/2024 15:08
36,745284,596,1,6/16/2024 20:03
37,758304,2348,3,11/23/2024 0:08
38,595358,2144,2,8/9/2024 4:10
39,853364,4783,5,11/24/2024 3:43
40,70191,1022,3,3/16/2024 19:36
41,772812,1009,3,3/2/2024 6:21
42,442200,3611,2,5/11/2024 16:35
43,949114,4016,1,3/25/2024 15:28
44,696113,2967,3,7/29/2024 12:40
45,440441,3571,5,3/31/2024 1:33
46,966361,3832,4,11/6/2024 5:57
47,320531,2175,4,12/1/2024 23:44
48,177680,4488,2,6/3/2024 2:14
49,851028,811,5,2/14/2024 3:35
50,184666,12,5,5/21/2024 9:28
51,597091,3029,4,4/30/2024 23:32
52,398785,878,5,4/8/2024 0:05
53,503266,2440,5,11/21/2024 10:01
54,840716,3014,3,7/8/2024 15:29
55,351747,2686,5,6/5/2024 5:26
56,55945,1320,3,11/6/2024 4:08
57,993872,2352,3,2/6/2024 2:43
58,316221,2927,2,4/29/2024 18:25
59,36538,2147,1,7/30/2024 21:53
60,987482,2552,5,7/2/2024 21:12
61,627422,3688,2,10/9/2024 10:12
62,971363,1915,3,5/5/2024 16:24
63,906406,3005,1,7/6/2024 13:03
64,746961,1578,3,9/19/2024 1:20
65,989956,2885,1,7/3/2024 2:44
66,381619,220,2,2/17/2024 23:07
67,551423,2263,5,8/3/2024 5:47
68,312228,4331,3,11/15/2024 13:11
69,986161,2384,5,4/7/2024 3:34
70,253342,1928,3,8/19/2024 2:48
71,452656,4802,1,11/21/2024 5:35
72,653896,365,2,8/24/2024 15:21
73,216884,2626,5,2/1/2024 9:29
74,141466,818,1,4/17/2024 2:16
75,769358,4922,2,1/29/2024 13:22
76,641022,4075,4,8/13/2024 6:45
77,339807,4280,1,5/10/2024 0:27
78,163502,2194,2,10/24/2024 17:59
79,889845,1995,2,10/14/2024 8:32
80,360498,2981,2,3/23/2024 0:27
81,497150,403,4,1/3/2024 8:45
82,131728,137,4,11/9/2024 14:56
83,383568,421,1,4/6/2024 13:01
84,718388,1515,1,9/2/2024 13:18
85,758903,3148,1,7/30/2024 6:02
86,291117,4199,4,5/1/2024 9:45
87,782737,496,2,2/28/2024 6:58
88,242073,400,1,5/25/2024 17:26
89,950112,2821,1,10/23/2024 1:00
90,835296,3528,5,4/10/2024 9:05
91,286751,535,3,2/3/2024 1:05
92,487272,3162,5,9/2/2024 21:48
93,768544,1058,4,2/25/2024 3:15
94,303975,1895,3,7/4/2024 3:09
95,810847,462,3,6/20/2024 9:03
96,550951,2092,2,8/18/2024 4:17
97,763554,1801,1,8/19/2024 12:09
98,30167,3098,1,9/16/2024 5:01
99,158871,486,1,3/20/2024 14:07
100,395822,2244,3,11/14/2024 22:09
101,649325,4602,2,7/15/2024 14:51
102,23924,1648,2,4/4/2024 8:02
103,374390,3721,2,9/6/2024 23:00
104,934914,4467,1,2/16/2024 17:19
105,910573,315,4,11/24/2024 1:59
106,220604,4619,2,2/5/2024 8:57
107,301552,2881,5,7/15/2024 8:31
108,792768,1480,1,10/19/2024 3:43
109,430483,602,2,11/13/2024 6:14
110,704492,2591,2,6/14/2024 14:02
111,768528,2336,5,10/20/2024 21:09
112,446902,1601,5,1/19/2024 2:06
113,523163,4106,1,9/5/2024 1:16
114,596868,2254,3,11/2/2024 13:41
115,902210,2489,5,6/13/2024 0:10
116,548893,1604,4,4/28/2024 23:28
117,195844,2329,1,9/10/2024 15:02
118,234709,52,4,2/29/2024 18:48
119,290811,1925,3,5/6/2024 12:36
120,729460,4805,5,10/25/2024 22:15
121,515772,4068,1,3/22/2024 10:44
122,418936,3112,5,1/4/2024 19:00
123,979062,2374,5,1/27/2024 23:52
124,735708,2164,3,1/4/2024 10:56
125,795092,4269,2,11/30/2024 19:43
126,895829,4162,4,9/26/2024 0:51
127,264038,1292,1,5/4/2024 17:18
128,866913,4207,4,8/24/2024 14:17
129,759642,3230,5,8/2/2024 2:25
130,767232,2470,1,8/4/2024 21:54
131,47747,2232,5,1/19/2024 11:11
132,371884,749,1,1/5/2024 14:41
133,138264,370,5,4/19/2024 13:32
134,331611,2771,5,6/5/2024 21:23
135,243431,2959,4,8/24/2024 4:40
136,306819,4315,1,5/12/2024 3:47
137,366403,4391,5,6/5/2024 0:06
138,107378,3901,1,11/27/2024 13:44
139,950903,2932,1,2/2/2024 7:20
140,777093,1686,3,2/17/2024 11:20
141,364546,718,2,7/19/2024 2:49
142,267210,3952,3,3/28/2024 4:56
143,779007,2436,1,7/18/2024 4:27
144,736036,822,4,8/26/2024 13:56
145,134775,169,5,2/22/2024 7:02
146,790814,317,3,3/1/2024 7:07
147,213092,4353,1,7/16/2024 20:46
148,849019,4723,1,1/15/2024 14:32
149,673323,1921,4,2/1/2024 9:14
150,731386,3214,4,11/7/2024 18:33
151,188323,276,4,4/28/2024 13:55
152,928197,2686,5,5/6/2024 9:58
153,671795,4505,3,11/4/2024 13:00
154,727982,1092,1,5/22/2024 17:23
155,160251,2708,4,10/31/2024 3:52
156,286667,2348,3,7/26/2024 9:15
157,409728,1372,2,8/18/2024 14:07
158,146114,2318,1,5/31/2024 7:07
159,716979,3883,4,8/25/2024 2:12
160,551588,3271,1,8/13/2024 15:47
161,909704,2287,3,10/29/2024 23:48
162,947630,4202,3,11/14/2024 7:22
163,758949,56,1,1/23/2024 10:38
164,906800,4769,4,3/24/2024 17:55
165,811224,3687,3,10/31/2024 17:56
166,253524,1305,2,8/25/2024 14:04
167,353210,3866,3,6/7/2024 14:56
168,102308,3578,5,11/17/2024 12:42
169,31366,3037,5,8/6/2024 13:56
170,507302,296,3,11/25/2024 11:00
171,811602,4119,2,8/18/2024 8:58
172,833349,4897,2,2/3/2024 16:14
173,739782,1491,1,5/4/2024 8:11
174,983175,224,5,12/2/2024 12:12
175,481025,2086,2,9/1/2024 8:28
176,182192,3653,1,7/5/2024 1:05
177,213587,3827,2,3/16/2024 8:17
178,78442,1493,4,10/24/2024 16:14
179,878219,2893,2,2/13/2024 2:05
180,585348,1201,1,1/29/2024 7:02
181,139093,4949,5,8/14/2024 12:37
182,924727,452,4,8/29/2024 23:48
183,545265,90,3,8/25/2024 13:17
184,314476,1556,3,5/22/2024 21:35
185,743216,2064,1,9/9/2024 21:17
186,32066,2821,5,3/15/2024 5:34
187,595665,198,3,1/28/2024 7:39
188,4599,4716,5,9/8/2024 4:16
189,456760,3865,1,1/4/2024 19:44
190,980281,4239,4,3/17/2024 8:26
191,356245,4666,3,11/13/2024 2:16
192,179028,1175,2,4/4/2024 0:10
193,41394,1030,5,10/7/2024 9:15
194,573087,2138,3,9/12/2024 14:19
195,985979,1200,4,5/12/2024 23:02
196,401422,3166,1,6/6/2024 11:11
197,71870,1231,4,2/2/2024 3:29
198,294418,59,1,3/10/2024 5:47
199,346291,4451,3,1/19/2024 3:47
200,576196,573,5,11/13/2024 20:58
201,762041,1640,5,1/2/2024 1:52
202,695862,2944,2,5/4/2024 23:33
203,697173,1753,2,10/9/2024 22:31
204,214035,4446,2,3/15/2024 15:09
205,12573,3468,4,4/20/2024 10:03
206,296407,465,3,3/4/2024 11:01
207,254645,4477,1,10/22/2024 1:18
208,305565,4395,4,1/15/2024 20:07
209,726121,2570,3,8/9/2024 0:22
210,844386,2135,1,8/25/2024 20:59
211,489209,2780,1,8/28/2024 20:30
212,985945,1116,5,3/6/2024 11:22
213,937876,1194,3,5/17/2024 18:58
214,81462,2831,1,8/11/2024 2:55
215,374589,3711,4,4/13/2024 12:50
216,30822,4887,1,11/15/2024 17:53
217,178479,1579,1,9/16/2024 7:20
218,917946,3017,3,5/20/2024 22:11
219,60762,3651,2,1/17/2024 14:23
220,24650,2661,2,1/9/2024 11:33
221,910914,955,3,12/1/2024 14:05
222,20205,1748,2,9/3/2024 9:05
223,379110,3806,4,1/5/2024 13:00
224,216201,3480,5,5/20/2024 17:46
225,634952,636,3,10/30/2024 0:58
226,331901,2746,4,8/22/2024 16:37
227,51319,11,5,4/15/2024 17:19
228,645943,2446,1,10/6/2024 1:12
229,852105,3059,4,10/9/2024 3:18
230,633257,1319,3,8/11/2024 23:47
231,152498,1599,4,3/30/2024 3:51
232,294452,3326,1,3/12/2024 8:49
233,124929,922,5,1/14/2024 21:14
234,565801,3427,1,5/28/2024 18:40
235,638,274,2,5/25/2024 21:01
236,32613,1181,2,10/6/2024 23:48
237,113998,785,4,4/23/2024 2:07
238,115183,1835,2,9/13/2024 8:32
239,725360,4005,4,3/16/2024 15:04
240,901113,1730,3,9/1/2024 16:35
241,103801,3946,5,9/23/2024 10:44
242,980556,1092,3,4/9/2024 20:58
243,570136,4225,1,6/26/2024 3:33
244,855227,2052,3,3/21/2024 6:38
245,745228,3262,5,8/21/2024 6:04
246,887075,3848,3,8/24/2024 12:00
247,294981,4643,1,3/14/2024 7:57
248,188575,4676,1,4/8/2024 10:48
249,389419,3137,1,6/15/2024 11:32
250,760998,2283,3,3/13/2024 4:04
251,106419,2680,1,8/26/2024 4:42
252,327973,1618,5,9/10/2024 18:45
253,207095,4751,4,11/20/2024 12:49
254,353027,2542,3,9/29/2024 11:13
255,838964,4328,1,10/23/2024 3:38
256,643546,1170,2,6/21/2024 8:01
257,529594,4615,5,9/29/2024 22:48
258,7311,543,2,1/15/2024 5:33
259,968024,4430,5,11/15/2024 8:54
260,180991,393,2,1/9/2024 15:33
261,139945,3937,2,2/3/2024 23:37
262,528627,1953,1,1/16/2024 20:14
263,789722,667,4,3/2/2024 22:46
264,429602,4859,5,7/9/2024 1:39
265,771959,3114,3,8/4/2024 1:50
266,975436,480,4,8/10/2024 12:26
267,979070,4505,3,8/26/2024 0:52
268,94377,3103,3,6/1/2024 7:25
269,115189,665,1,9/28/2024 21:53
270,644854,1305,1,5/15/2024 2:04
271,763149,2723,3,3/15/2024 18:45
272,778550,3413,3,9/27/2024 12:59
273,98935,33,3,11/29/2024 16:06
274,199739,698,3,10/1/2024 1:41
275,591768,1756,1,1/29/2024 19:05
276,340175,1240,3,8/25/2024 22:53
277,386176,653,2,5/6/2024 11:08
278,97908,709,2,4/1/2024 18:35
279,631301,256,2,4/8/2024 15:39
280,362322,3863,5,6/23/2024 4:28
281,250450,1015,2,4/30/2024 18:58
282,158796,1228,3,6/2/2024 15:20
283,175666,1502,4,5/5/2024 3:59
284,1201,3636,4,11/16/2024 12:00
285,113453,1432,4,8/11/2024 6:16
286,81334,1568,4,3/10/2024 4:33
287,201715,2350,1,1/2/2024 9:10
288,514875,1273,4,10/2/2024 22:04
289,890786,1820,3,10/17/2024 16:06
290,426487,4150,1,4/19/2024 18:42
291,293888,353,2,11/8/2024 0:20
292,934513,4481,5,10/13/2024 18:12
293,609028,389,2,6/22/2024 5:57
294,327933,2507,5,6/2/2024 8:43
295,162110,4894,5,1/2/2024 16:49
296,737568,3950,3,8/1/2024 2:33
297,544732,4019,2,6/7/2024 8:07
298,892593,4404,5,2/15/2024 3:23
299,788522,243,4,1/9/2024 13:48
300,654376,4799,1,2/14/2024 19:05
301,646423,1011,2,8/8/2024 20:08
302,994666,2099,2,11/27/2024 0:33
303,158802,3883,2,9/22/2024 22:49
304,329176,1469,3,8/3/2024 5:00
305,687558,1053,3,2/3/2024 5:19
306,169220,3930,4,2/4/2024 2:24
307,221098,1386,3,1/3/2024 3:14
308,968161,2865,2,7/27/2024 2:23
309,524972,3330,3,1/6/2024 20:17
310,567296,3096,5,4/7/2024 7:09
311,273889,550,3,10/4/2024 10:10
312,722983,631,1,1/25/2024 0:51
313,604371,3564,4,10/2/2024 15:16
314,399966,2837,5,7/30/2024 6:44
315,809068,2295,1,11/11/2024 17:11
316,862854,2308,2,9/19/2024 12:39
317,200346,643,5,11/3/2024 20:17
318,815682,2896,1,4/5/2024 21:25
319,111778,618,2,8/19/2024 3:14
320,615252,448,5,7/14/2024 2:06
321,95941,3525,4,4/18/2024 14:48
322,291531,456,2,11/8/2024 6:29
323,97854,1775,1,8/2/2024 8:45
324,434070,4457,4,8/1/2024 10:45
325,882125,1631,3,3/24/2024 13:19
326,213574,3727,2,7/31/2024 7:41
327,861440,693,3,10/10/2024 8:20
328,114124,1063,5,5/21/2024 14:52
329,261397,1672,4,4/27/2024 19:28
330,541171,2762,1,4/16/2024 15:07
331,603024,3021,5,11/19/2024 8:19
332,435076,3784,4,9/25/2024 5:58
333,358564,194,5,2/29/2024 12:27
334,167202,4336,4,5/27/2024 13:26
335,283109,3564,3,3/26/2024 18:40
336,656487,4778,5,4/24/2024 7:18
337,292578,375,3,4/25/2024 6:50
338,372188,3277,1,2/6/2024 6:40
339,104390,4629,1,4/13/2024 3:55
340,161447,2125,5,9/17/2024 8:45
341,225777,4064,1,6/21/2024 17:49
342,450255,3908,3,6/16/2024 4:05
343,771197,4538,5,7/30/2024 5:02
344,893301,2257,5,6/29/2024 21:17
345,65732,3000,5,2/6/2024 0:30
346,539995,4216,5,3/16/2024 20:43
347,86399,3853,5,1/8/2024 23:45
348,654846,4924,2,9/25/2024 23:09
349,961866,3830,3,3/10/2024 8:55
350,735150,3267,1,10/3/2024 13:04
351,224791,2559,1,1/6/2024 15:02
352,546756,1891,1,7/3/2024 7:30
353,849089,1514,1,5/4/2024 0:36
354,958804,287,5,7/11/2024 11:21
355,971400,971,1,11/23/2024 14:46
356,690522,4955,5,5/7/2024 20:25
357,426390,1099,4,1/31/2024 11:44
358,78797,870,2,7/19/2024 1:54
359,19453,2977,4,8/19/2024 22:56
360,536291,699,5,8/29/2024 20:36
361,350146,2931,4,11/6/2024 8:35
362,797466,644,2,7/15/2024 3:37
363,2425,1458,4,6/16/2024 1:37
364,908874,4441,2,11/10/2024 12:04
365,306101,293,1,5/8/2024 22:03
366,819693,3831,4,8/6/2024 8:00
367,383848,2323,4,1/14/2024 18:49
368,517463,4372,2,3/25/2024 14:46
369,81125,1652,2,2/7/2024 14:30
370,507746,3986,1,5/25/2024 9:59
371,805343,4828,5,3/3/2024 23:40
372,719755,4543,1,11/17/2024 13:51
373,935067,4158,1,11/10/2024 22:55
374,706149,3294,5,4/6/2024 5:50
375,495785,1810,4,5/18/2024 5:02
376,574288,3012,3,2/20/2024 9:52
377,893998,4521,1,9/4/2024 21:16
378,577017,348,2,2/2/2024 10:26
379,288897,1113,2,11/23/2024 10:30
380,136374,680,1,4/21/2024 11:46
381,955931,133,4,9/3/2024 9:36
382,419813,3238,2,8/18/2024 19:29
383,53154,3421,1,6/2/2024 5:36
384,111139,4247,1,8/15/2024 14:34
385,978399,3150,5,4/5/2024 18:30
386,546786,463,2,2/22/2024 0:53
387,520148,4111,3,7/16/2024 11:56
388,45234,2395,4,11/25/2024 6:34
389,14977,645,4,2/4/2024 16:38
390,276339,685,3,1/25/2024 3:17
391,988989,2170,5,8/27/2024 10:44
392,497721,4686,1,1/27/2024 12:31
393,474011,973,3,5/8/2024 16:21
394,572499,2655,1,8/31/2024 16:23
395,193729,2476,3,8/16/2024 5:14
396,348922,3496,3,11/14/2024 10:09
397,939714,4420,4,9/19/2024 15:52
398,68103,3564,5,2/24/2024 8:30
399,347145,3465,1,11/17/2024 1:29
400,958845,4078,3,8/31/2024 18:49
401,269799,335,5,1/14/2024 2:25
402,462813,1170,1,1/15/2024 2:25
403,287179,1309,1,1/27/2024 9:11
404,50272,4236,3,6/26/2024 19:25
405,217440,1941,3,4/25/2024 20:49
406,200550,3241,5,8/31/2024 17:02
407,297546,3531,5,9/13/2024 19:42
408,52767,472,4,9/8/2024 21:34
409,610714,3747,4,8/17/2024 21:33
410,425546,4639,1,2/29/2024 20:03
411,224865,1616,2,8/4/2024 20:33
412,924951,1226,3,9/2/2024 21:40
413,142560,1912,4,9/24/2024 2:45
414,402481,1106,2,3/19/2024 6:25
415,759705,3667,2,5/10/2024 16:56
416,59264,1813,2,6/24/2024 9:27
417,562407,2554,2,9/15/2024 11:25
418,749231,4387,2,11/5/2024 9:31
419,726166,3556,5,8/23/2024 17:58
420,319945,4728,4,11/8/2024 3:38
421,154076,2159,4,6/20/2024 0:35
422,476646,1204,4,3/28/2024 18:30
423,158010,2282,3,2/15/2024 18:44
424,923569,2118,2,6/21/2024 10:32
425,531384,1265,1,1/25/2024 11:10
426,480076,311,3,9/30/2024 7:08
427,708919,4242,5,10/24/2024 12:47
428,933553,2892,5,5/19/2024 17:58
429,63457,683,1,1/16/2024 8:25
430,215634,3890,4,11/19/2024 10:13
431,954821,3295,5,7/24/2024 14:47
432,729450,2441,4,1/20/2024 5:27
433,181462,2398,3,5/28/2024 4:35
434,831171,483,1,11/2/2024 0:42
435,465829,1552,2,11/4/2024 19:51
436,902521,3140,4,10/27/2024 6:58
437,111977,641,3,4/9/2024 1:09
438,597595,3747,1,3/19/2024 23:20
439,144719,2651,1,3/9/2024 15:34
440,388960,890,3,1/31/2024 7:01
441,826831,4162,2,4/24/2024 15:17
442,114252,1804,1,6/20/2024 10:20
443,198297,49,3,11/25/2024 23:26
444,582644,2461,5,6/6/2024 1:00
445,212315,2049,2,3/21/2024 3:23
446,581694,2137,1,3/12/2024 19:11
447,487930,607,3,3/27/2024 4:22
448,225527,3526,3,7/25/2024 10:19
449,119745,3232,4,5/9/2024 7:58
450,997807,2986,4,9/4/2024 19:24
451,968536,1366,5,3/1/2024 10:53
452,345554,3715,1,5/23/2024 14:13
453,126512,2544,2,3/17/2024 6:10
454,513683,1901,2,6/14/2024 19:44
455,579506,4003,1,7/31/2024 12:28
456,429780,911,2,3/14/2024 19:15
457,610641,3529,3,4/16/2024 10:27
458,990205,951,1,4/29/2024 11:26
459,620302,3736,2,10/12/2024 17:00
460,114648,2940,1,2/20/2024 17:28
461,677168,848,2,4/30/2024 5:24
462,294700,556,4,6/10/2024 11:40
463,245139,3248,1,9/7/2024 8:01
464,337851,2381,3,3/25/2024 3:36
465,9861,465,2,1/13/2024 4:06
466,726254,1407,1,7/6/2024 12:07
467,49019,444,1,3/1/2024 1:49
468,294179,2597,4,4/14/2024 18:05
469,5298,3855,2,10/28/2024 9:48
470,102816,483,4,10/12/2024 12:48
471,119808,2581,5,3/6/2024 21:28
472,976796,1204,5,5/24/2024 8:04
473,307674,908,4,1/8/2024 21:35
474,75490,4015,1,2/29/2024 2:37
475,412641,2218,3,1/2/2024 10:29
476,728813,2399,2,5/28/2024 2:00
477,737448,2752,4,11/3/2024 23:05
478,830654,3491,5,5/28/2024 14:50
479,679365,2236,1,8/17/2024 6:55
480,523164,768,1,10/18/2024 5:58
481,457104,350,5,5/18/2024 19:36
482,321063,4721,1,8/27/2024 11:28
483,713741,2726,5,1/17/2024 6:37
484,648333,185,2,4/23/2024 19:41
485,847040,1404,4,8/15/2024 17:28
486,768193,1256,1,6/16/2024 7:19
487,610441,4677,2,11/5/2024 20:21
488,734705,4540,3,10/15/2024 16:36
489,925821,2848,2,3/19/2024 6:58
490,454778,2502,2,8/22/2024 8:45
491,136924,266,3,4/22/2024 23:32
492,798066,4026,4,3/5/2024 14:01
493,570195,3325,3,9/19/2024 22:54
494,476700,4294,2,11/23/2024 21:48
495,866431,3214,4,5/30/2024 23:08
496,275231,2266,4,11/27/2024 13:35
497,93938,1433,1,4/7/2024 5:11
498,850277,3115,5,6/7/2024 22:34
499,186385,68,3,6/23/2024 5:42
